<?xml version="1.0" encoding="utf-8"?>
<resources>
    <color name="black">#FF000000</color>
    <color name="white">#FFFFFFFF</color>
    <color name="light_background">#F0F4CD</color> <!-- Replace with preferred background color -->
    <color name="dark_text">#333333</color>        <!-- Primary text color -->
    <color name="secondary_text">#757575</color>   <!-- Subtitle text color -->
    <color name="primary_color">#FF9800</color>    <!-- Input field tint color -->
    <color name="primary_button_color">#FF5722</color> <!-- Add button color -->
    <color name="accent_color">#4CAF50</color>     <!-- Find Recipes button color -->
    <color name="subtitle_text">#6D6D6D</color>
</resources>